signals,pos,tot,sumPos,sumTot,signals,sumMean,upper,lower,sumSd,sumSe
1,4,18,4,18,1,0.222222222222,0.414284169248,0.0301602751968,0.415739709642,0.0979907892987
