member,belief
372446,0.385454911139
344671,0.385454911139
