member,belief
675859,0.0331096633207
897042,0.0331096633207
148506,0.0331096633207
216816,0.0331096633207
612897,0.0331096633207
