signals,pos,tot,sumPos,sumTot,signals,sumMean,upper,lower,sumSd,sumSe
1,4,7,4,7,1,0.571428571429,0.938034627025,0.204822515832,0.494871659305,0.187043905917
