member,belief
951349,0.292138428085
293601,0.292138428085
830598,0.292138428085
167195,0.292138428085
377084,0.292138428085
