member,belief
142104,0.5629683582
642259,0.5629683582
292927,0.526061808164
526124,0.526061808164
439630,0.5629683582
871963,0.743703703704
362326,0.743703703704
