member,belief
728023,0.145488293266
77735,0.145488293266
123683,0.145488293266
245449,0.145488293266
923700,0.145488293266
962135,0.145488293266
275783,0.145488293266
528219,0.145488293266
494821,0.145488293266
279629,0.145488293266
599330,0.145488293266
234237,0.145488293266
