member,belief
229612,0.204822515832
31044,0.204822515832
