member,belief
617919,0.726864048406
793527,0.726864048406
710298,0.619236800906
451837,0.619236800906
751780,0.73656453006
37790,0.619236800906
